ticker,PE_ratio,ROE,DE_ratio,dividend_yield,revenue_growth,profit_margin,current_ratio,market_cap_raw,beta,sector,forward_return
MMM,28.476706,0.75501,276.638,1.79,0.02,0.13027,1.708,10.954927540523833,1.166,Industrials,0.18951802576385274
AOS,20.812986,0.29197,10.974,1.76,0.0,0.1426,1.497,10.044585654584516,1.343,Industrials,0.46781472920161066
ABT,30.193548,0.13158,25.31,2.26,0.044,0.14718,,11.29112088147034,0.751,Healthcare,-0.18955419931251205
ABBV,97.83545,11.066669,,2.92,0.1,0.0691,,11.612575617163657,0.334,Healthcare,0.37867878850383235
ACN,18.576859,0.25016,25.694,2.94,0.06,0.107609995,1.411,11.144246603798848,1.236,Technology,-0.18494567952095275
ADBE,15.783832,0.55426,57.266,,0.105,0.29997,0.996,11.042728134011275,1.515,Technology,0.3345651403162167
AMD,79.10687,0.07082,6.359,,0.341,0.12515001,2.85,11.528812548886672,1.949,Technology,-0.002764333839705091
AES,10.756579,0.05106,302.896,4.34,0.019,0.0874,0.723,10.066071536373897,0.97,Utilities,-0.27485424165077044
AFL,16.82577,0.13118,28.515,2.11,-0.099,0.21242,5.7,10.779821314604618,0.662,Financial Services,0.17785938214831432
A,27.470459,0.20618999,52.559,0.82,0.094,0.18754,1.957,10.551333493832116,1.298,Healthcare,-0.05464414916869645
APD,,-0.01667,101.991,2.48,0.058,-0.02733,1.459,10.796997045998712,0.888,Basic Materials,0.41489646429548904
ABNB,30.225248,0.30776,26.458,,0.097,0.2203,1.392,10.873669837003614,1.139,Consumer Cyclical,0.3010928451852943
AKAM,32.848972,0.10642,110.548,,0.05,0.12262999,2.281,10.207232029451669,0.723,Technology,-0.011655232847334551
ALB,,-0.04656,32.649,1.02,0.159,-0.09929,2.229,10.2922899003382,1.449,Basic Materials,0.3210667971613695
ARE,,-0.05856,66.615,9.29,-0.052,-0.47384998,1.617,9.959661367223474,1.324,Real Estate,-0.14614715479407053
ALGN,33.00266,0.103870004,2.038,,0.053,0.1017,1.363,10.130084366826384,1.831,Healthcare,0.15202452664461252
ALLE,24.232433,0.36411,116.084,1.17,0.107,0.16092,1.771,10.188288522316167,1.038,Industrials,0.4956564047618896
LNT,22.37264,0.11461,163.145,2.95,0.119,0.19139,0.825,10.262168231394975,0.67,Utilities,-0.11305121257020986
ALL,5.4154844,0.39518002,24.486,2.09,0.051,0.15191,0.367,10.731993568531829,0.235,Financial Services,0.10963742811748634
GOOGL,28.414974,0.35705003,16.133,0.27,0.18,0.32810003,2.005,12.570452224764894,1.086,Communication Services,-0.29043589153889326
GOOG,28.497221,0.35705003,16.133,0.27,0.18,0.32810003,2.005,12.570903955431913,1.086,Communication Services,-0.17013449948999104
MO,16.315535,,,6.33,-0.005,0.34495,0.648,11.05246427361582,0.497,Consumer Defensive,-0.21752266577001345
AMZN,27.86332,0.22286,43.435,,0.136,0.108339995,1.051,12.331350853420455,1.385,Consumer Cyclical,0.21552009028900426
AMCR,37.695488,0.07734,138.731,5.23,0.681,0.03039,1.301,10.364825924816051,0.668,Consumer Cyclical,0.3923941659463735
AEE,21.279808,0.11337,146.563,2.74,-0.048,0.16547,0.658,10.485509065539894,0.586,Utilities,0.4126613500415542
AEP,19.447449,0.12486,159.557,3.01,0.132,0.16364999,0.455,10.840906176369163,,Utilities,-0.04951951849298292
AXP,21.96591,0.33992,190.921,0.96,0.106,0.16174999,1.405,11.367395606913849,1.128,Financial Services,0.26049789744398993
AIG,13.995504,0.07399,22.329,2.28,-0.068,0.11622,0.623,10.623116013512751,0.598,Financial Services,-0.05953147997779362
AMT,30.421053,0.28839,418.09,3.61,0.077,0.28106,0.59,10.95092073941029,0.944,Real Estate,0.3111918778226362
AWK,23.286467,0.10457,140.983,2.58,0.097,0.21933001,0.421,10.41264488759589,0.78,Utilities,0.29891526605969415
AMP,14.554428,0.59589,50.038,1.37,0.086,0.19586,2.435,10.643188090035414,1.251,Financial Services,-0.04471516108257434
AME,35.779686,0.14594,21.482,0.54,0.134,0.19999,1.062,10.723341928404484,1.036,Industrials,-0.2894603304075519
AMGN,25.887367,1.0610299,630.677,2.64,0.086,0.20982,1.14,11.298491534850617,0.472,Healthcare,0.40987227190598413
APH,44.477478,0.36851,118.935,0.7,0.491,0.1849,2.979,11.260212211108671,1.21,Technology,0.017112026714947104
ADI,73.857765,0.06573,26.5,1.2,0.259,0.20575,2.19,11.21820176491298,1.031,Technology,-0.19656590938425927
AON,18.89418,0.4694,166.422,0.95,0.037,0.21506001,1.11,10.839340061650796,0.814,Financial Services,-0.2532576172535912
APA,6.6626797,0.27427998,66.895,3.71,-0.164,0.16093999,0.775,9.998449127938148,0.698,Energy,-0.18630271664922082
APO,18.1793,0.14698,31.434,1.63,0.877,0.109840006,5.428,10.859645601680574,1.564,Financial Services,-0.2600276469582768
AAPL,32.664555,1.5202099,102.63,0.4,0.157,0.27037,0.974,12.578959888608978,1.107,Technology,-0.16658016693715325
AMAT,36.870758,0.35508,34.533,0.56,-0.035,0.24669,2.61,11.455354839523078,1.677,Technology,-0.2616556480807551
APP,38.388557,2.12945,166.056,,0.208,0.60827,3.322,11.115226739195965,2.49,Communication Services,0.33151631200544146
APTV,113.76666,0.01948,85.209,,0.05,0.008090001,1.736,10.265689657184128,1.5,Consumer Cyclical,0.13946098772835042
ACGL,8.4616375,0.19540001,11.274,,0.085,0.22073,0.525,10.551371328308473,0.381,Financial Services,-0.15389904871921176
ADM,31.255604,0.04721,36.522,2.99,-0.137,0.01343,11.197,10.524989157358501,0.682,Consumer Defensive,-0.011643175844024745
ARES,78.823524,0.13579,147.431,4.03,0.195,0.09415,,10.642481318388237,1.524,Financial Services,0.2943877686153638
ANET,51.778988,0.31736,,,0.275,0.3973,3.254,11.25518671061426,1.444,Technology,0.387101556055129
AJG,36.851658,0.06906,57.759,1.37,0.367,0.11484,1.056,10.734504235498887,0.658,Financial Services,0.4738723766683309
AIZ,12.804965,0.15899,37.586,1.57,0.079,0.0681,0.268,10.038719220335452,,Financial Services,0.4310853279796088
T,9.425987,0.18805,124.179,3.85,0.036,0.17472,0.906,11.307812939060595,0.608,Communication Services,-0.06596133832290663
ATO,23.327677,0.09237,67.443,2.25,0.142,0.25667998,1.13,10.470738015431174,0.758,Utilities,0.3012598823178598
ADSK,45.156616,0.40333998,94.504,,0.18,0.16129999,0.823,10.694064087679365,1.453,Technology,0.454485051577098
ADP,20.430355,0.73843,70.044,3.24,0.062,0.19964,1.032,10.934590120608199,0.847,Technology,0.18538884469203176
AZO,26.94288,,,,0.082,0.12776,0.86,10.807379193112325,0.406,Consumer Cyclical,0.0433376004213864
AVB,23.873661,0.088879995,78.826,4.06,0.03,0.34569,0.231,10.398198499407941,0.754,Real Estate,0.1350819575981631
AVY,22.221022,0.30212998,166.491,1.92,0.039,0.07769,1.127,10.179400319603806,0.986,Consumer Cyclical,0.293942596967862
AXON,135.3239,0.10028,69.33,,0.306,0.100509994,3.124,10.533825891503374,1.483,Industrials,0.09133577845505708
BKR,23.5,0.14552,35.255,1.5,0.003,0.09332,1.357,10.780902066655631,0.859,Energy,0.184967986130114
BALL,20.41818,0.16122,129.349,1.2,0.162,0.069299996,1.114,10.263337584193286,1.138,Consumer Cyclical,0.27147875293307006
BAC,13.754593,0.1019,,2.09,0.132,0.28401,,11.582844028419185,1.273,Financial Services,0.338076451142104
BAX,,-0.12642,134.627,2.78,0.08,-0.085109994,,10.010953208576609,,Healthcare,-0.22402532591255264
BDX,28.976309,0.0696,77.284,2.36,0.016,0.08014,1.049,10.807856930658117,0.285,Healthcare,-0.03344914104992752
BBY,21.79208,0.22493,154.542,5.86,0.024,0.015420001,1.045,10.142169951511821,1.469,Consumer Cyclical,-0.24912420743740177
TECH,111.801895,0.03966,17.449,0.54,-0.004,0.06672,4.539,9.967109746744644,1.469,Healthcare,-0.21468061691439644
BIIB,22.403408,0.07394,36.466,,-0.071,0.13071999,2.679,10.461400125335802,0.164,Healthcare,0.44942727954920886
BLK,30.342031,0.10686,24.32,1.97,0.234,0.22930999,,11.220081256812096,1.488,Financial Services,0.135996090134611
BX,33.645996,0.29228002,60.811,3.65,0.506,0.21243,1.022,11.204421885384594,1.761,Financial Services,0.3482094721184595
XYZ,10.07646,0.14692001,36.049,,0.023,0.13081001,2.183,10.484697886862797,2.668,Technology,0.18304999237056335
BK,15.847297,0.12898,,1.84,0.078,0.2759,,10.91263718044205,1.094,Financial Services,0.3680650282873143
BA,97.156624,2.90084,1032.894,,0.571,0.02498,1.188,11.278733389240204,1.14,Industrials,0.044313801558907295
BKNG,27.067244,,,0.92,0.127,0.19371,1.334,11.129145012365907,1.186,Consumer Cyclical,-0.08593524702161107
BSX,38.819584,0.12675,50.973,,0.159,0.14437,,11.047999567806148,0.657,Healthcare,0.24715352570822618
BMY,17.539017,0.40333998,274.414,4.21,0.013,0.14637,,11.091960189413973,0.295,Healthcare,0.3969508633873597
AVGO,68.48847,0.31048,166.032,0.79,0.164,0.36198002,1.705,12.19003086997297,1.221,Technology,-0.16138176318082528
BR,19.22979,0.41793,117.175,2.29,0.078,0.14864,0.972,10.306914388509437,0.979,Technology,-0.1972993440277211
BRO,21.66139,0.11226,62.475,0.91,0.361,0.18289,1.039,10.368663400740315,0.786,Financial Services,-0.020743580411134832
BLDR,22.333017,0.13555999,117.723,,-0.069,0.03795,1.786,10.114436896391743,1.549,Industrials,0.44458244841694655
BG,29.117926,0.05964,89.812,2.3,0.755,0.0116,1.612,10.377895251466597,0.754,Consumer Defensive,-0.023613766905435873
BXP,35.45115,0.04916,225.887,4.74,0.083,0.082320005,1.483,10.038094355878481,1.014,Real Estate,0.39105553108486696
CHRW,36.826088,0.32911,75.604,1.5,-0.065,0.036170002,1.528,10.3224892919922,0.896,Industrials,0.0940202518699505
CDNS,77.010284,0.21736,47.685,,0.101,0.20354,3.048,10.911848854681097,1.005,Technology,0.07278034193834437
CPT,30.655367,0.08598,87.89,3.94,0.022,0.24229,0.029,10.063276694126648,0.83,Real Estate,0.27845820183162867
CPB,15.164948,0.14815,184.567,5.38,-0.034,0.056900002,0.819,9.943054501356265,-0.036,Consumer Defensive,-0.041486818173605444
COF,62.011944,0.02394,,1.55,0.516,0.074829996,,11.1207953373606,1.124,Financial Services,0.09300716726441549
CAH,31.665468,,,0.95,0.188,0.00679,0.906,10.714222177144496,0.663,Healthcare,0.2654538123877191
CCL,15.888615,0.25632998,227.882,0.46,0.066,0.10366999,0.322,10.647045063695048,2.442,Consumer Cyclical,-0.15912046376656058
CARR,38.692307,0.10925,87.719,1.48,-0.06,0.06824,1.199,10.73763651025782,1.335,Industrials,-0.17115526183485733
CVNA,78.72727,0.6815,192.409,,0.545,0.03444,4.047,10.8756440362621,3.573,Consumer Cyclical,-0.17836148302768667
CAT,41.32536,0.43526,203.255,0.8,0.18,0.13144,1.436,11.561295474143476,1.554,Industrials,0.3282473487282422
CBOE,26.238483,0.2336,30.434,1.06,0.087,0.23334,1.872,10.456522907675025,0.347,Financial Services,0.4539466482162798
CBRE,36.988342,0.13572,103.792,,0.118,0.02853,1.095,10.628274834548966,1.314,Real Estate,-0.20656321226096866
CDW,15.860767,0.43018,235.609,1.99,0.063,0.04756,1.176,10.225208176129215,1.051,Technology,0.4135752139666325
COR,43.233177,1.33467,472.584,0.68,0.055,0.0049900003,0.916,10.844928563211232,0.685,Healthcare,0.12702800990784824
CNC,,-0.28678,86.762,,0.231,-0.037890002,1.1,10.298669077453178,0.488,Healthcare,0.3283930558741866
CNP,26.838606,0.09606,202.111,2.21,0.071,0.11367,0.513,10.442242619301087,0.593,Utilities,-0.017872367285773627
CF,11.472793,0.21967,44.133,2.12,0.211,0.20472,2.273,10.186617192695193,0.689,Basic Materials,0.07948195505467726
CRL,,-0.021879999,76.251,,-0.005,-0.020450002,1.366,9.898441722044279,1.62,Healthcare,-0.20686676849244837
SCHW,20.1957,0.18110001,99.789,1.35,0.189,0.37005,,11.231640945127786,0.909,Financial Services,0.23068396028733779
CHTR,6.6309032,0.28667998,482.329,,-0.023,0.09105,0.387,10.492366918224194,1.047,Communication Services,0.01911246010156825
CVX,27.824774,0.0716,21.239,3.9,-0.06,0.06611,,11.56617922912469,0.672,Energy,0.015001045603663998
CMG,32.092106,0.47355,179.319,,0.049,0.12878,1.235,10.684625841738823,0.996,Consumer Cyclical,0.27332439952218107
CB,12.622516,0.14337,25.256,1.17,0.08,0.17131001,0.36,11.105572661347603,0.488,Financial Services,-0.29880938036385335
CHD,33.546356,0.1762,55.097,1.23,0.039,0.11878,1.066,10.392345110312828,0.468,Consumer Defensive,0.4158683610569229
CI,13.133514,0.1513,75.137,2.17,0.104,0.02167,0.849,10.890862499878322,0.283,Healthcare,-0.17878601343902695
CINF,10.715744,0.16036,5.568,2.15,0.218,0.18945,1.104,10.404470235570004,0.646,Financial Services,0.46028333476330135
CTAS,41.87689,0.43396,72.656,0.92,0.093,0.17584999,1.705,10.891637403433798,0.954,Industrials,0.215868968056324
CSCO,27.681656,0.23754999,63.043,2.24,0.097,0.18756,0.955,11.482954292344113,0.865,Technology,0.40820766939451963
C,15.802575,0.06831,,2.16,0.037,0.18893999,,11.295879983380287,1.141,Financial Services,-0.16607433036387034
CFG,16.79404,0.07241,,2.84,0.107,0.23969,,10.44469168987197,1.071,Financial Services,0.49661426951561943
CLX,20.478724,9.87179,9191.429,3.98,-0.008,0.111719996,0.736,10.18363406404097,0.607,Consumer Defensive,0.2544927499251876
CME,27.166666,0.1475,11.913,1.72,0.083,0.62451,1.032,11.037414418999209,0.28,Financial Services,0.040566176120286956
CMS,21.675638,0.108559996,194.861,3.05,0.123,0.12542,0.979,10.370064959973224,0.481,Utilities,0.38637551313664814
KO,25.896381,0.43323,132.726,2.58,0.024,0.2734,1.459,11.529743606909518,0.364,Consumer Defensive,-0.03249981883890657
CTSH,14.732456,0.15158,7.672,2.01,0.049,0.10564999,2.337,10.510869134986775,0.957,Technology,0.18334351102496554
COIN,37.58108,0.26005,48.559,,0.589,0.43664002,2.404,10.653164911564932,3.703,Financial Services,0.03857676144407285
CL,36.676804,4.9747,2188.493,2.16,0.058,0.1046,0.995,10.891877280996534,0.291,Consumer Defensive,-0.07299619296273138
CMCSA,5.8747683,0.2141,107.863,4.15,0.012,0.16166,0.882,11.062145314927232,0.793,Communication Services,-0.1548897519511122
FIX,56.623627,0.43842,18.973,0.15,0.352,0.10063,1.221,10.674558869740663,1.668,Industrials,0.2895949596041862
CAG,,-0.0116,94.229,7.02,-0.068,-0.008719999,0.891,9.973898872010595,-0.019,Consumer Defensive,0.38493271497811204
COP,17.592127,0.12357,36.355,3.03,-0.068,0.13252,1.297,11.140011498588192,0.291,Energy,0.038544543907324924
ED,19.833042,0.08839,110.373,3.08,0.107,0.122700006,1.075,10.612215086601084,0.388,Utilities,-0.22326121040017977
STZ,23.95047,0.14454001,133.293,2.51,-0.098,0.11826,1.339,10.423554679197117,0.44,Consumer Defensive,0.12531868738093677
CEG,33.525776,0.19839,61.51,0.56,0.003,0.11026,1.563,11.025449489477316,1.136,Utilities,0.47883738590718455
COO,44.52941,0.045939997,33.785,,0.046,0.09161,1.893,10.218924425267936,1.027,Healthcare,0.4577625916523837
CPRT,23.101227,0.18124,1.039,,0.007,0.34243,7.939,10.561705937368329,1.083,Industrials,-0.07556010439267549
GLW,72.09808,0.14904,68.53,0.85,0.204,0.10212,1.588,11.053538240625972,1.124,Technology,0.16856349231848705
CPAY,22.275265,0.29071,236.52,,0.207,0.23625,0.977,10.37396389835612,0.808,Technology,0.001489144945107379
CTVA,42.93714,0.04974,10.58,0.97,-0.017,0.06287,1.43,10.705645649651263,0.737,Basic Materials,-0.0016573804956134808
CSGP,755.0,0.00252,13.126,,0.204,0.00664,3.121,10.283282513103414,0.85,Real Estate,0.2548851088305955
COST,54.40712,0.30325,26.968,0.52,0.083,0.02961,1.038,11.65437419258104,1.008,Consumer Defensive,-0.2788860512674741
CTRA,14.499999,0.118549995,27.957,2.86,0.349,0.24691999,1.025,10.377421817483276,0.36,Energy,0.2739508579218986
CRH,25.085827,0.14487,83.856,1.2,0.053,0.092980005,1.453,10.924128214650349,1.182,Basic Materials,-0.03690563438644068
CRWD,,-0.088149995,20.154,,0.222,-0.06882,1.811,11.035805518670115,1.034,Technology,-0.22638029647027105
CCI,35.83135,,,4.84,-0.35,0.10413,0.255,10.594630909573207,0.984,Real Estate,0.46708041176653775
CSX,26.512989,0.22511,143.412,1.28,-0.009,0.20501,0.814,10.881489843691577,1.29,Industrials,0.27073972879025193
CMI,29.26696,0.23928,60.516,1.33,0.011,0.08444,1.761,10.918319033295285,1.119,Industrials,-0.12030302572732604
CVS,56.438847,0.022869999,106.06,3.41,0.084,0.00442,0.842,10.999152101532381,0.501,Healthcare,0.09320019712352717
DHR,42.20477,0.07053,35.055,0.6,0.046,0.1471,1.874,11.176287486361588,0.958,Healthcare,0.17107002820086575
DRI,22.172956,0.54104,401.269,2.82,0.073,0.08924,0.394,10.391003047760751,0.614,Consumer Cyclical,-0.25623768811086955
DDOG,397.60938,0.03343,34.269,,0.292,0.03144,3.382,10.649506135916898,1.286,Technology,0.4893578307031879
DVA,15.623028,0.64848,1111.353,,0.099,0.05474,1.292,9.997040662367143,1.011,Healthcare,0.34361671869182847
DAY,,-0.05706,45.53,,0.095,-0.07912,1.043,10.048443444387996,1.167,Technology,0.408979197427155
DECK,16.383522,0.39688,13.14,,0.071,0.19348,2.856,10.225573093800648,1.146,Consumer Cyclical,0.3112873943166447
DE,32.80411,0.20427999,248.418,1.08,0.126,0.11017,2.262,11.215718837232558,1.004,Industrials,0.2725023241143432
DELL,15.6711235,,,1.86,0.108,0.05005,0.853,10.895206286487435,1.099,Technology,-0.00746184093725516
DAL,9.011749,0.27693,102.498,1.08,0.029,0.078990005,0.397,10.654037949821037,1.338,Industrials,-0.1151026341704452
DVN,10.540094,0.18586999,56.274,2.18,0.071,0.16424999,0.957,10.447685622244402,0.625,Energy,0.07121432994234778
DXCM,33.626797,0.30635,94.479,,0.216,0.15958999,1.565,10.440289790478106,1.488,Healthcare,-0.048261593821850635
FANG,11.871579,0.10901,35.66,2.39,0.42,0.28689,0.623,10.685486778728142,0.584,Energy,0.10306161608236414
DLR,50.309193,0.05469,79.109,2.71,0.171,0.2152,1.391,10.800511939054859,1.148,Real Estate,-0.17148771522102277
DG,26.52677,0.16450001,201.663,1.59,0.046,0.03033,1.171,10.529020203189214,0.255,Consumer Defensive,0.03545100481715463
DLTR,23.94697,0.20066999,221.055,,0.094,-0.15397,0.959,10.411446188367242,0.744,Consumer Defensive,0.0335735317721238
D,21.687908,0.09204,154.315,4.1,0.149,0.16790001,0.845,10.753352860485009,0.706,Utilities,-0.06717731782715547
DPZ,21.9538,,,1.82,0.031,0.12159,1.609,10.105331812047199,1.167,Consumer Cyclical,0.19666037029893463
DASH,81.63636,0.100430004,34.255,,0.273,0.0683,2.045,10.843024634549952,1.795,Consumer Cyclical,0.47262689220124093
DOV,29.09649,0.15285,44.941,0.9,0.088,0.13518,1.79,10.503049509116085,1.289,Industrials,-0.26148954548924946
DOW,,-0.13818,111.871,4.29,-0.091,-0.065630004,1.967,10.370058131474652,0.753,Basic Materials,-0.1636217982122556
DHI,15.257506,0.13477,22.872,1.09,-0.095,0.09948,6.332,10.688522769203356,1.45,Consumer Cyclical,0.497391823535635
DTE,21.733133,0.11658,207.975,3.2,0.214,0.093439996,1.152,10.478649177853761,0.484,Utilities,-0.20883098747767528
DUK,20.236134,0.09724,171.39,3.38,0.144,0.15411,0.552,10.99694734847692,0.51,Utilities,0.2178833516278164
DD,238.26192,0.0051700003,22.648,2.89,-0.452,-0.11374,2.419,10.32146235092096,1.16,Basic Materials,0.2441166906644549
ETN,37.536808,0.21525998,54.091,1.07,0.131,0.1489,1.319,11.184273420482663,1.18,Industrials,0.221286946311458
EBAY,18.223946,0.42430001,151.155,1.46,0.095,0.20366,0.925,10.574735203642183,1.38,Consumer Cyclical,-0.23595517601639865
ECL,41.203983,0.22516,103.915,0.97,0.178,0.12907,1.076,10.929814928284877,0.992,Basic Materials,0.12332574984129041
EIX,9.326344,0.15765001,204.02,5.08,0.106,0.16315001,0.82,10.437509398908658,0.829,Utilities,0.483883763430856
EW,42.353596,0.1042,6.862,,0.133,0.17692,,10.65328093065165,0.94,Healthcare,0.1342959035037627
EA,75.097374,0.10027,36.443,0.38,0.01,0.09307,0.926,10.700516563244866,0.745,Communication Services,0.4799302427360452
ELV,13.676984,0.1325,74.388,2.05,0.095,0.02843,1.535,10.881202393907314,0.503,Healthcare,-0.17715945687611895
EME,32.213737,0.37088,12.915,0.2,0.164,0.06959,1.192,10.553789880627075,1.161,Industrials,0.40624365418426317
EMR,36.305897,0.09646,69.283,1.49,0.041,0.12718001,0.841,10.919541254395716,1.249,Industrials,0.309871938799317
ETR,26.979538,0.11188,179.362,2.43,0.125,0.1421,0.713,10.67312696781044,0.654,Utilities,0.10018453809308758
EOG,11.986083,0.18476999,26.835,3.46,-0.024,0.24410999,1.624,10.818462674942769,0.472,Energy,0.1126134534810917
EPAM,25.384148,0.10207,4.165,,0.194,0.070149995,3.022,9.967297510776456,1.718,Technology,0.16628605722561313
EQT,19.097721,0.08488,30.675,1.15,0.514,0.23097,0.578,10.563353781527976,0.728,Energy,0.0948800756207705
EFX,36.18011,0.13757,107.494,1.06,0.092,0.1087,0.605,10.372957395706965,1.559,Industrials,-0.20660945125879465
EQIX,69.22915,0.09722,160.291,2.01,0.081,0.14579001,1.316,10.97220760555435,1.067,Real Estate,-0.013540147682852666
EQR,22.375875,0.100200005,74.323,4.39,0.02,0.36202,0.106,10.401159073215284,0.76,Real Estate,0.26706318127094725
ERIE,22.602903,0.30444,2.353,1.96,0.067,0.16038,1.669,10.16565309221538,0.372,Financial Services,0.37549460053512845
ESS,24.276657,0.12235,119.433,4.09,0.024,0.34601003,0.49,10.242158199207793,0.738,Real Estate,0.34428506507207596
EL,,-0.04341,232.945,1.32,0.056,-0.012130001,1.358,10.593330105438785,1.106,Consumer Defensive,0.32321530476092336
EG,8.909283,0.10847,23.213,2.38,-0.03,0.0907,0.403,10.150471746979735,0.331,Financial Services,-0.21523789340245514
EVRG,22.586302,0.08454,142.45,3.44,-0.001,0.1445,0.516,10.278270005751873,0.644,Utilities,0.014884278238773085
ES,20.223757,0.0861,184.357,4.48,0.051,0.102189995,0.715,10.43882067990113,0.792,Utilities,0.4056743401219551
EXC,17.75458,0.09936,173.901,3.53,-0.011,0.11411,0.924,10.68978894092399,,Utilities,0.47601804825755706
EXE,33.593246,0.061189998,27.95,3.08,3.193,0.08043,0.81,10.395898866828931,0.449,Energy,-0.1474938716025149
EXPE,21.885948,0.53886,250.289,0.7,0.087,0.096590005,0.744,10.42470122941795,1.382,Consumer Cyclical,0.1759337009046656
EXPD,24.012867,0.36505002,24.549,1.1,-0.035,0.07571,1.794,10.301251497451608,1.128,Industrials,-0.21324440770501088
EXR,32.432888,0.06786,94.252,4.49,0.034,0.27735,1.46,10.50686575145485,1.264,Real Estate,0.04610498221610143
XOM,22.164927,0.110810004,16.329,2.75,-0.013,0.089049995,1.153,11.796761752577972,0.358,Energy,0.23837933732066557
FFIV,22.641972,0.20844,7.566,,0.073,0.22455,1.554,10.191414317993221,1.008,Technology,0.1677915994276828
FDS,12.940165,0.28831,71.961,2.18,0.068,0.25399,1.544,9.881219032188158,0.726,Financial Services,0.2700755854998668
FICO,50.45855,,,,0.164,0.31886998,0.929,10.509773852802255,1.269,Technology,0.3278248777690744
FAST,42.463303,0.33291,11.205,1.98,0.111,0.15345,4.852,10.725449942361548,0.885,Industrials,-0.1323901277030413
FRT,26.637054,0.10516,138.76,4.32,0.06,0.27586,0.369,9.959498343474241,1.018,Real Estate,0.21985049156829767
FDX,20.845324,0.15886,,1.57,0.139,0.04814,1.274,10.948796825717258,1.336,Industrials,-0.13784148104135202
FIS,147.0625,0.011829999,94.272,3.49,0.057,0.0146200005,0.532,10.390637306396151,0.9,Technology,0.35718860145870374
FITB,14.951841,0.121929996,,3.01,0.115,0.30186,,10.67673526361792,0.977,Financial Services,0.2155313422728306
FSLR,17.450554,0.16864,9.893,,0.797,0.27728,1.91,10.387386308681572,1.626,Technology,-0.22620983384492993
FE,21.736956,0.11192001,193.669,3.81,0.112,0.09312,0.747,10.460603025006284,0.62,Utilities,0.4732965271990894
FISV,9.359621,,,,,,,10.50862151241693,,,-0.1446474211800301
F,,-0.20193,460.639,4.29,-0.048,-0.04369,1.075,10.751211594712819,1.666,Consumer Cyclical,0.30069079736457976
FTNT,35.570248,1.3571601,80.509,,0.148,0.27257,1.172,10.819281843716816,1.047,Technology,-0.19768157627963312
FTV,35.814465,0.06396,49.62,0.43,-0.307,0.13926,0.715,10.257352033142393,1.033,Technology,0.4157622639969573
FOXA,13.646282,0.16823,67.389,0.99,0.02,0.11407,2.784,10.383943901569879,0.511,Communication Services,-0.22962364135752905
FOX,12.450839,0.16823,67.389,1.09,0.02,0.11407,2.784,10.38451568140593,0.511,Communication Services,-0.28670069964856865
BEN,25.055553,0.04464,24.587,4.87,0.034,0.06972,5.564,10.149491054283088,1.488,Financial Services,0.1873716379570181
FCX,41.46704,0.13946,33.768,0.97,-0.015,0.08505,2.291,10.956680055958884,1.434,Basic Materials,0.4615203552379817
GRMN,26.429718,0.19655001,2.342,1.77,0.117,0.22625999,3.316,10.615530465848094,0.999,Technology,0.054217831822031326
IT,16.412436,1.0925701,1016.536,,0.022,0.1371,0.878,10.079001505908721,1.036,Technology,0.15876190513730282
GE,39.216404,0.44692,114.07,0.6,0.176,0.18982,1.041,11.521899674814543,1.384,Industrials,0.25230612054848606
GEHC,17.736658,0.22378,98.717,0.18,0.071,0.10104,1.373,10.565609636127142,1.231,Healthcare,-0.055117355780967325
GEN,24.396908,0.26902,363.379,2.12,0.258,0.12757,0.466,10.164191798573215,1.1,Technology,0.30859022784470863
GNRC,42.767178,0.06283,56.773,,-0.116,0.03791,2.026,10.118962043136134,1.814,Industrials,0.2530135631739648
GD,22.557644,0.17658001,38.205,1.76,0.078,0.08011,1.444,10.973931258709467,0.398,Industrials,-0.28764004284043226
GIS,10.351612,0.27173,147.23,5.02,-0.072,0.1351,0.657,10.409662189411417,-0.063,Consumer Defensive,-0.27781756549618286
GM,24.84098,0.04318,208.299,0.9,-0.051,0.014579999,1.165,10.87953355439692,1.365,Consumer Cyclical,-0.13289655345446877
GPC,25.378006,0.16994,133.159,2.79,0.049,0.0336,1.137,10.312740376081887,0.73,Consumer Cyclical,-0.21829728751939495
GILD,23.088366,0.40655,108.728,2.16,0.047,0.28903,1.683,11.289034722518263,0.387,Healthcare,-0.2861460539998196
GPN,10.432473,0.07233,69.198,1.45,0.005,0.17365,0.855,10.284448935117096,0.75,Industrials,-0.005685218412316839
GL,10.327168,0.21124001,55.217,0.75,0.036,0.19372,,10.070470583498034,0.464,Financial Services,0.02426642913728272
GDDY,15.40431,3.69454,4217.211,,0.103,0.17013,0.569,10.092360167936786,0.933,Technology,0.1994433769683105
GS,17.63911,0.13885,528.8,1.99,0.152,0.28917998,2.795,11.43755206794037,1.311,Financial Services,0.1471441366822075
HAL,22.61,0.12274,79.162,1.98,0.008,0.05783,2.04,10.455511311585687,0.75,Energy,0.46677880387613585
HIG,10.613363,0.21656,23.031,1.69,0.065,0.13522,1.841,10.595806211360278,0.603,Financial Services,0.10383565954600604
HAS,,-0.36355,577.347,2.76,0.313,-0.06858,1.381,10.159672031056424,0.549,Consumer Cyclical,0.4017238133999839
HCA,19.056871,,,0.58,0.067,0.08974,0.965,11.081506383192416,1.365,Healthcare,-0.026011138780472343
DOC,167.54999,0.01164,122.183,7.49,0.031,0.02528,1.218,10.066156704091746,1.107,Real Estate,0.009331250865400043
HSIC,24.589903,0.08347999,70.224,,0.052,0.03022,1.396,9.97556376251165,0.893,Healthcare,-0.04988943512471078
HSY,51.1682,0.1889,116.527,2.57,0.07,0.07554,1.192,10.65352599072249,0.169,Consumer Defensive,-0.07313170740074201
HPE,,0.0023,97.265,2.57,0.144,0.00166,1.014,10.481259540208686,1.321,Technology,-0.014864016347934494
HLT,52.083336,,,0.19,0.07,0.29411,0.665,10.869752033948027,1.11,Consumer Cyclical,-0.2869061955969859
HOLX,31.147303,0.108559996,48.051,,0.025,0.13178,4.04,10.224219071219537,0.733,Healthcare,0.11964998469178573
HD,26.71362,1.62909,544.586,2.36,0.028,0.087740004,1.051,11.591209137843604,1.089,Consumer Cyclical,0.2693571851068302
HON,31.771769,0.28195998,223.964,1.91,-0.033,0.13725,1.316,11.210286520493577,0.93,Industrials,0.48234943036723726
HRL,27.275862,0.06002,38.22,4.99,0.015,0.0395,2.466,10.115745111587161,0.33,Consumer Defensive,-0.15821483007070522
HST,18.787737,0.109239995,82.827,4.09,0.009,0.12403,1.021,10.142149114372687,1.159,Real Estate,0.30664524984473357
HWM,67.12634,0.30443,56.977,0.19,0.146,0.18274,2.134,11.002201835708027,,Industrials,0.3998258254190253
HPQ,7.332075,,,6.36,0.042,0.045739997,0.767,10.259145890966856,1.196,Technology,0.3006766185938576
HUBB,31.59556,0.24981001,60.276,1.1,0.119,0.15178001,1.719,10.44414678902899,1.005,Industrials,-0.1715567119178881
HUM,16.9261,0.07039,71.461,1.98,0.113,0.00916,2.003,10.337702992668829,0.441,Healthcare,0.091516452313684
HBAN,12.442446,0.10095,,3.58,0.111,0.28702998,,10.54535936763452,0.959,Financial Services,-0.09690259982887184
HII,27.025032,0.124239996,58.762,1.36,0.157,0.048460003,1.133,10.212481298311873,0.329,Industrials,0.3138112931295431
IBM,23.62399,0.35158002,197.328,2.59,0.122,0.15685001,0.956,11.3905369946775,0.691,Technology,0.34163545368912757
IEX,32.896873,0.1234,45.224,1.38,0.042,0.13975,2.856,10.200056267925838,0.983,Industrials,0.16963515230067078
IDXX,48.091743,0.66202,52.812,,0.143,0.24618,1.231,10.701793717792032,1.66,Healthcare,0.43560999043410115
ITW,28.669847,0.93718004,278.022,2.16,0.041,0.1911,1.21,10.942425212404423,1.159,Industrials,-0.1982605645882585
INCY,15.807925,0.2987,1.063,,0.278,0.25026,3.316,10.304617571346725,0.847,Healthcare,0.4394262822935859
IR,73.88148,0.05382,47.62,0.08,0.051,0.07309,2.162,10.59815458540192,1.309,Industrials,0.4203010605564739
PODD,71.70906,0.19679001,77.711,,0.299,0.097629994,2.871,10.237126769753349,1.418,Healthcare,0.2116692107649591
INTC,,0.00022,37.282,,-0.041,-0.00505,2.017,11.37115679005296,1.377,Technology,0.22407833421516826
IBKR,33.708107,0.23507999,120.995,0.44,0.186,0.15858,1.109,11.104520317018435,1.224,Financial Services,0.2631829749496168
ICE,26.506067,0.11885,70.077,1.39,0.078,0.33380002,1.02,10.940531978370824,1.033,Financial Services,-0.08451329676359859
IFF,,-0.02649,42.271,1.96,-0.066,-0.03434,1.422,10.326284736378767,1.042,Basic Materials,-0.1421659556336146
IP,,-0.24678,69.583,3.76,0.311,-0.14877,1.279,10.414453966622544,1.071,Consumer Cyclical,0.04729043579474035
INTU,27.505465,0.21987,,1.13,0.41,0.21191,1.386,11.047547759431916,1.234,Technology,0.3980957836796997
ISRG,62.434395,0.16690001,0.953,,0.188,0.28375998,4.875,11.240681224996733,1.662,Healthcare,0.44822439436569167
IVZ,,-0.01219,14.034,3.2,0.062,-0.04417,,10.070629963781194,1.66,Financial Services,0.05961245161198436
INVH,28.442106,0.06,85.691,4.47,0.065,0.21805,1.544,10.219160436069657,0.834,Real Estate,0.3477676491134131
IQV,21.446999,0.21438,240.558,,0.103,0.083380006,0.749,10.456342902535642,1.361,Healthcare,0.17829498601239907
IRM,203.71295,,,3.26,0.166,0.02095,0.739,10.512101433335562,,Real Estate,0.1196857175862926
JBHT,36.390526,0.15787,49.755,0.82,-0.016,0.04986,0.829,10.326460343023465,1.263,Industrials,-0.014255763051186143
JBL,40.035267,0.47823003,255.828,0.13,0.187,0.0226,0.989,10.435928003302335,1.24,Technology,-0.14133559479748842
JKHY,22.59957,0.24284,3.109,1.49,0.079,0.20587,1.6,10.05755698447619,0.71,Technology,0.2530315363893105
J,35.744064,0.09726,65.173,1.09,0.123,0.03495,1.33,10.204050045190314,0.766,Industrials,-0.263524706039807
JNJ,22.103355,0.35557,57.766,2.13,0.091,0.28456,,11.768923684565271,0.347,Healthcare,-0.15917851920224899
JCI,46.57047,0.12640001,73.339,1.15,0.068,0.14169,0.994,10.92912526840099,1.428,Industrials,0.14544661423198285
JPM,15.094607,0.16134001,,1.98,0.025,0.3391,,11.915432743334295,1.053,Financial Services,-0.07415080017969417
KDP,25.672415,0.06291,73.567,3.08,0.107,0.09781,0.625,10.60701094342835,0.355,Consumer Defensive,-0.04968858005283816
KEY,14.259868,0.09482,,3.77,1.315,0.26102,,10.378298716679234,1.068,Financial Services,0.24628869390769975
KEYS,46.536777,0.1582,47.237,,0.103,0.15814,2.35,10.604430746381938,1.201,Technology,0.019275018634871022
KMB,22.513374,1.26603,441.104,4.73,-0.172,0.122880004,0.745,10.56007513477854,0.277,Consumer Defensive,-0.14158087057193514
KIM,27.640245,0.055370003,78.597,4.66,0.032,0.27323,0.929,10.186069573938305,,Real Estate,0.4668151509406168
KMI,23.520657,0.09826,98.626,3.69,0.131,0.18043,0.637,10.855453235399057,0.691,Energy,-0.01831491669637414
KKR,43.555557,0.08946,74.351,0.73,0.775,0.09182,,10.974879969472939,1.971,Financial Services,0.3772654053204228
KLAC,42.836872,1.00726,111.778,0.52,0.072,0.35764,2.828,11.286819956969977,1.455,Technology,0.20166441938314733
KHC,,-0.12837,50.777,6.58,-0.034,-0.23437999,1.154,10.46718225027061,0.047,Consumer Defensive,0.04066513718956427
KR,62.734512,0.07997,357.991,1.95,0.007,0.0053600003,0.878,10.67188765910946,0.629,Consumer Defensive,-0.11200275376664279
LHX,40.33822,0.08191,53.186,1.47,0.023,0.07345,1.189,10.808727445822433,0.64,Industrials,0.32783944028917306
LH,27.663063,0.10135999,75.557,1.04,0.086,0.062129997,1.551,10.36924906741888,0.996,Healthcare,0.46411941894710546
LRCX,48.78381,0.65565,44.195,0.45,0.221,0.3022,2.256,11.475695563070365,1.776,Technology,0.4074379519156199
LW,18.059784,0.23164,224.846,3.02,0.011,0.060599998,1.433,9.841736307568583,0.428,Consumer Defensive,0.32144848107007623
LVS,24.502129,0.73263,829.059,1.85,0.26,0.124989994,1.144,10.590304758522002,0.885,Consumer Cyclical,-0.29308686584426447
LDOS,16.440298,0.2929,105.551,1.0,0.067,0.08106,1.624,10.354322155982763,0.62,Technology,-0.23282742399168627
LEN,15.347553,0.08406,27.728,1.66,-0.058,0.06079,5.823,10.480171140803067,1.461,Consumer Cyclical,0.08281461465546491
LII,24.737385,0.80047995,152.24,0.93,-0.112,0.1551,1.597,10.296068375956853,1.188,Industrials,0.36208433022590564
LLY,45.212635,1.08283,178.516,0.6,0.426,0.31667,,11.968571880566792,0.394,Healthcare,0.32119391022021565
LIN,33.04175,0.17817,67.912,1.27,0.058,0.20297001,0.877,11.354802326723473,0.847,Basic Materials,0.26296575979517695
LYV,114.86231,0.5636,473.811,,0.111,0.03659,0.921,10.565936173128856,1.138,Communication Services,0.3263901588147576
LMT,30.310057,0.76865,338.804,2.12,0.091,0.06685,1.087,11.177980221703717,0.23,Industrials,0.23700688847285217
L,13.694724,0.09431,50.221,0.23,0.041,0.09033,0.513,10.35272184783497,0.605,Financial Services,-0.25146077870131656
LOW,23.80712,,,1.68,0.032,0.08045,1.04,11.207699089923231,0.978,Consumer Cyclical,-0.00043624360416200103
LULU,12.239221,0.41017,39.156,,0.071,0.15720001,2.13,10.319557663322486,1.014,Consumer Cyclical,0.4776146301639404
LYB,,-0.10584,124.319,9.48,-0.102,-0.03198,1.57,10.270887800131932,0.707,Basic Materials,0.2346097490666958
MTB,13.477954,0.09797,,2.59,0.047,0.3104,,10.55420194467136,0.577,Financial Services,-0.16458788026941196
MPC,15.367348,0.24292,143.175,1.93,-0.005,0.03033,,10.786151329380713,0.708,Energy,0.39196611004252263
MAR,37.57668,,,0.75,0.042,0.09882,0.427,10.9767759627579,1.101,Consumer Cyclical,0.012432810497062408
MRSH,20.674583,0.29352,140.052,2.08,0.087,0.15418,1.102,10.930864911187719,0.737,Financial Services,0.3040802554196724
MLM,34.965332,0.10159001,53.05,0.5,-0.059,0.18488,3.568,10.61337236687587,1.141,Basic Materials,0.2408021928019745
MAS,19.777203,71.5,4230.263,1.65,-0.019,0.10711,1.805,10.191545034575801,1.285,Industrials,0.05337144635014435
MA,31.470625,2.09915,256.042,0.66,0.176,0.45646998,1.035,11.666230344758556,0.821,Financial Services,-0.2796088843539441
MTCH,12.867646,,,2.57,0.021,0.17591,1.418,9.867411690928325,1.315,Communication Services,0.07850148989304784
MKC,24.600683,0.14243001,73.211,2.68,0.029,0.1154,0.698,10.286659172476897,0.613,Consumer Defensive,0.3800143616740302
MCD,27.47406,,,2.24,0.097,0.3185,0.955,11.369748262650441,0.528,Consumer Cyclical,0.1812497214449587
MCK,26.874641,,,0.36,0.114,0.01091,0.876,11.06007863267342,0.413,Healthcare,0.42538748305838575
MDT,27.084011,0.09822,59.563,2.82,0.066,0.13706,2.415,11.10783604180567,0.718,Healthcare,-0.12634050761357318
MRK,16.67764,0.37166,79.708,2.85,0.05,0.28078,,11.482416887814452,0.296,Healthcare,0.4141214572921003
META,27.567135,0.30238,39.164,0.32,0.238,0.30084,2.599,12.213763832992123,1.284,Communication Services,0.401668660332635
MET,15.901858,0.11963,130.182,2.93,0.276,0.04384,,10.70510725288414,0.738,Financial Services,-0.2526708164185268
MTD,32.54822,,,,0.081,0.21587,1.137,10.447044613558635,1.436,Healthcare,-0.17854535948791933
MGM,45.539474,0.1489,963.089,,0.06,0.01174,1.234,9.9761691486504,1.404,Consumer Cyclical,0.22468166074027535
MCHP,,-0.010930001,82.382,2.31,0.156,-0.01574,2.162,10.629721973889103,1.438,Technology,0.3762686210240192
MU,39.62226,0.22554001,21.244,0.11,0.567,0.28146,2.46,11.670891071119598,1.505,Technology,0.27106222165776755
MSFT,25.194185,0.34390998,31.539,0.91,0.167,0.39044,1.386,12.476276564464044,1.084,Technology,-0.061620777252827164
MAA,35.771164,0.07645,93.305,4.59,0.01,0.2023,0.071,10.210291463962507,0.782,Real Estate,0.17666812820845856
MRNA,,-0.29317,7.867,,-0.454,-1.39606,3.925,10.22484395856464,1.338,Healthcare,0.2017500489897443
MOH,14.982062,0.11022,99.435,,0.071,0.010829999,1.688,9.837743706103547,0.493,Healthcare,-0.2723903349197946
TAP,,-0.17295,61.017,3.46,-0.023,-0.18638,0.604,10.025131992051753,0.491,Consumer Defensive,0.10569826495652096
MDLZ,33.11111,0.09332,84.848,3.23,0.093,0.0636,0.592,10.907145979271503,0.401,Consumer Defensive,-0.15364652290871247
MPWR,91.8805,0.17940001,,0.69,0.208,0.22073,5.912,10.755319692438972,1.455,Technology,-0.18580188762193106
MNST,46.480114,0.25538,0.779,,0.168,0.21654,3.185,10.902683814464453,0.45,Consumer Defensive,-0.18192003538831392
MCO,34.50846,0.54914004,181.347,0.91,0.107,0.29916,1.84,10.885419677924851,1.439,Financial Services,0.23778295307529546
MS,16.682484,0.15729,420.553,2.38,0.11,0.23986,,11.432920074591522,1.179,Financial Services,0.065748488038461
MOS,7.71114,0.101169996,37.134,2.96,0.228,0.10334,1.141,9.97532357453725,0.961,Basic Materials,0.21843675378494504
MSI,36.140503,1.04197,396.91,1.07,0.123,0.18439,1.037,10.88484875141545,1.002,Technology,0.20939552252346755
MSCI,33.52776,,,1.57,0.106,0.38358003,0.899,10.596342048417347,1.281,Financial Services,0.29796166621967163
NDAQ,25.747963,0.15253,77.387,1.37,0.025,0.21757,1.005,10.659458296228307,1.024,Financial Services,-0.1370416022653052
NTAP,17.918991,1.25346,277.789,2.12,0.028,0.17733999,1.341,10.312425943507776,1.387,Technology,0.3573621398441345
NFLX,30.436758,0.42762002,63.782,,0.176,0.24304001,1.186,11.514078266893,1.712,Communication Services,-0.2940251290592353
NEM,19.600311,0.22875999,16.914,0.85,0.2,0.33423,2.039,11.14125408490457,0.437,Basic Materials,0.25137389300793095
NWSA,29.5,0.06329,30.892,0.89,0.055,0.13346,1.813,10.122422643682777,0.968,Communication Services,0.45458030616978123
NWS,33.766235,0.06329,30.892,0.78,0.055,0.13346,1.813,10.159048791092063,0.968,Communication Services,0.28234149234892997
NEE,28.646341,0.083739996,143.833,2.46,0.207,0.24934,0.595,11.291550898662738,0.761,Utilities,0.33891893863752537
NKE,36.92105,0.17950001,80.099,2.68,0.006,0.05426,2.063,10.970644375580871,1.279,Consumer Cyclical,0.30441343867774756
NI,24.326317,0.0907,139.284,2.66,0.198,0.13994001,0.688,10.33990453945427,0.651,Utilities,-0.2012623998653586
NDSN,35.08108,0.16215,68.747,1.11,0.01,0.17354,1.639,10.22181972637931,1.002,Industrials,0.15763516444372816
NSC,24.71507,0.19248,114.742,1.72,-0.017,0.23587999,0.847,10.849486935479405,1.324,Industrials,0.35000563635244214
NTRS,16.655035,0.13492,,2.18,0.082,0.21459,,10.43978841546133,1.276,Financial Services,-0.14822776368131388
NOC,24.069193,0.26167,107.257,1.33,0.096,0.09968001,1.101,10.999092674031571,0.039,Industrials,0.31169981166779487
NCLH,15.798561,0.39870998,699.717,,0.047,0.06846,0.195,9.999889429142792,2.03,Consumer Cyclical,0.11258565513215474
NRG,25.682634,0.64186996,615.076,1.17,0.057,0.04839,1.053,10.56864736075274,1.282,Utilities,0.12278354580654044
NUE,24.392809,0.09361,32.187,1.19,0.086,0.05367,2.938,10.62246909545321,1.843,Basic Materials,-0.1514675968041451
NVDA,45.589108,1.07359,9.102,0.02,0.625,0.53007,4.468,12.651687932652786,2.314,Technology,-0.20387734168455385
NVR,17.400248,0.33185002,27.243,,-0.05,0.12836,6.21,10.33365173710215,1.035,Consumer Cyclical,-0.26416088624851947
NXPI,30.58942,0.20698999,116.946,1.67,0.072,0.16472,2.046,10.786989752958062,1.458,Technology,-0.018089583160304012
ORLY,32.589226,,,,0.078,0.14274,0.769,10.912226475108112,0.616,Consumer Cyclical,0.12130034864522693
OXY,34.02206,0.05955,62.221,2.11,-0.077,0.08169,0.935,10.658828499731806,0.371,Energy,-0.23179850758881881
ODFL,40.234505,0.2393,0.928,0.63,-0.057,0.18625,1.436,10.612010895547874,1.269,Industrials,0.35066492978590785
OMC,10.121681,0.27007,128.056,4.31,0.04,0.08307,0.924,10.338006065185185,0.744,Communication Services,0.3563569194045097
ON,247.62068,0.01498,42.294,,-0.112,0.020179998,4.522,10.46081956772254,1.542,Technology,-0.013984640088970712
OKE,15.854779,0.17847,152.218,4.92,0.719,0.105790004,0.904,10.734931408784504,0.918,Energy,0.39530093099990876
ORCL,30.257519,0.69026,432.511,1.28,0.142,0.25280002,0.909,11.66524547574076,1.633,Technology,-0.19150029281632824
OTIS,26.11,,,1.83,0.033,0.0959,0.849,10.55162299112011,1.012,Industrials,0.18099493820297546
PCAR,28.08869,0.12922,89.189,1.06,-0.137,0.08352,1.701,10.82319813275485,1.044,Industrials,0.4076258676234738
PKG,28.613054,0.16903,91.618,2.04,0.101,0.08611,,10.344191616458199,0.898,Consumer Cyclical,0.08181666585546554
PLTR,209.83334,0.25983,3.063,,0.7,0.36310002,7.11,11.498418600359638,1.687,Technology,0.2850657055979266
PANW,105.71519,0.15324001,4.951,,0.157,0.11687,0.985,11.057839604500655,0.75,Technology,0.3071970730793014
PSKY,347.0,0.01279,111.017,1.95,-0.004,-0.00947,1.336,10.060092031755099,1.207,Communication Services,-0.05389244918888536
PH,36.574455,0.25781,68.925,0.73,0.091,0.17287001,1.182,11.102044637201159,1.242,Industrials,0.2910662556703158
PAYX,21.331448,0.40884998,129.814,4.67,0.183,0.26446,1.265,10.52949770072422,0.888,Technology,0.3543653390663288
PAYC,15.497525,0.27417,5.215,1.25,0.102,0.22099,1.088,9.837294424389913,,Technology,0.2979658627217176
PYPL,7.4445477,0.25732002,60.703,1.43,0.037,0.15775,1.287,10.576149899574622,1.419,Financial Services,-0.19813796783165863
PNR,25.743002,0.17478001,42.35,1.08,0.049,0.15656,1.607,10.219713516720786,1.221,Industrials,0.17750613929794662
PEP,27.738333,0.42848,258.081,3.4,0.056,0.08773,0.853,11.357108177325243,0.416,Consumer Defensive,0.1531983993371624
PFE,20.393383,0.085760005,66.531,6.26,-0.012,0.124180004,,11.197812736018856,0.441,Healthcare,0.0860718115890281
PCG,15.275424,0.0828,185.52,1.14,0.026,0.10399,,10.597885261077296,,Utilities,0.12005529898145967
PM,25.916666,,,3.11,0.068,0.27918,0.958,11.466714968135639,0.409,Consumer Defensive,-0.17138638810859808
PSX,14.733333,0.16017,77.483,3.25,0.013,0.03326,,10.80823968323069,0.867,Energy,0.08148302719745187
PNW,20.493814,0.087749995,197.565,3.74,0.029,0.11198,0.675,10.07542385248083,0.545,Utilities,0.36552063368640647
PNC,13.829916,0.12158,,2.96,0.096,0.31075,,10.967122717782384,0.968,Financial Services,0.38737286950596833
POOL,24.528713,0.29307,100.725,1.85,0.013,0.07784,2.57,10.00179986172127,1.23,Industrials,0.15478580759097443
PPG,18.960983,0.21275999,99.56,2.16,0.05,0.09928001,,10.47149851556999,1.16,Basic Materials,0.05291406558920042
PPL,25.748299,0.076620005,132.089,2.98,0.084,0.12162,0.774,10.447144499011673,0.723,Utilities,-0.21574990990083068
PFG,13.232405,0.10524,31.909,3.46,-0.037,0.075840004,1.735,10.297241020789329,0.883,Financial Services,-0.06385451959812041
PG,23.832592,0.31562,68.719,2.62,0.015,0.19299999,0.724,11.575780962611788,0.38,Consumer Defensive,-0.29649852580959013
PGR,10.586584,0.40448,22.745,6.77,0.122,0.12903,0.344,11.076780932865207,0.318,Financial Services,-0.07168840902513629
PLD,40.436047,0.06127,60.666,2.96,0.04,0.36205003,0.175,11.111280677168619,1.439,Real Estate,0.2802178920999709
PRU,10.460461,0.10885,115.95,5.23,0.137,0.06425,1.843,10.56558854830858,0.951,Financial Services,0.14241918262082714
PEG,20.913462,0.12579,138.209,2.98,0.221,0.17768,0.934,10.637753810406258,0.616,Utilities,0.019241009784559504
PTC,23.011782,0.23141001,35.942,,0.214,0.28612,1.219,10.269352804424349,1.034,Technology,0.4284956653160788
PSA,32.88889,0.19933,106.758,4.1,0.031,0.39453998,0.269,10.71547728348946,0.992,Real Estate,-0.08372326830228366
PHM,12.728211,0.17673999,18.453,0.75,-0.063,0.12816,7.55,10.435304810930576,1.343,Consumer Cyclical,0.33036079932450096
PWR,77.653755,0.13369,71.612,0.09,0.175,0.03744,1.344,10.893633088710061,1.133,Industrials,0.3886985509033389
QCOM,28.469759,0.2148,64.218,2.57,0.05,0.11958,2.505,11.178455055255476,1.238,Technology,0.38430535463651644
DGX,23.416,0.14751,87.593,1.66,0.071,0.089899994,1.044,10.357790972648397,0.675,Healthcare,0.45944569105629957
RL,25.031973,0.33846,98.972,1.01,0.122,0.11726,2.099,10.348576320136123,1.487,Consumer Cyclical,0.025080516630326177
RJF,15.447703,0.17124,46.262,1.37,0.057,0.14758,2.244,10.494240450227464,0.996,Financial Services,-0.1811120200041011
RTX,40.0229,0.109519996,59.513,1.35,0.121,0.07598,1.026,11.426510496016657,0.418,Industrials,0.20414772236479112
O,61.38691,0.02488,73.977,5.0,0.103,0.17135,1.362,10.780352307346279,0.801,Real Estate,-0.022944204401535273
REG,27.131672,0.07683,69.367,3.99,0.287,0.31266,0.546,10.153420661842976,0.942,Real Estate,-0.2194638537168626
REGN,19.30861,0.14864999,11.051,0.48,0.025,0.31409,4.126,10.927536677105788,0.413,Healthcare,0.25160362701985567
RF,12.893478,0.1165,,3.51,0.156,0.30556,,10.415036373557781,1.027,Financial Services,0.3999079033960094
RSG,33.087536,0.18249,113.763,1.13,0.033,0.12768,0.583,10.842779234123247,0.554,Industrials,-0.003344217819629125
RMD,25.020792,0.25676,13.411,0.98,0.11,0.27526,3.06,10.566875012288849,0.877,Healthcare,0.49720292606149913
RVTY,46.757282,0.03216,46.455,0.29,0.059,0.08445,1.682,10.048446109492808,1.089,Healthcare,0.221855350215945
HOOD,37.097565,0.21993999,129.396,,0.265,0.42097,1.13,10.835982316935004,2.44,Financial Services,-0.26730120322325807
ROK,45.276573,0.23736,99.289,1.45,0.119,0.11557,1.156,10.648776114675986,1.527,Industrials,0.24897788956978156
ROL,54.17431,0.38944,75.529,1.24,0.097,0.14004,0.602,10.453540094130068,0.788,Consumer Cyclical,0.3897749955240006
ROP,22.734507,0.07929,46.782,1.14,0.097,0.19441,0.518,10.54093721343183,0.93,Technology,0.21260637299032176
ROST,30.776215,0.37425,88.181,0.83,0.104,0.0947,1.52,10.805901658407434,0.993,Consumer Cyclical,0.09669336125033728
RCL,20.77082,0.47731,215.09,1.28,0.133,0.23797001,0.183,10.946562338779025,1.868,Consumer Cyclical,-0.18566841590785904
SPGI,27.742838,0.13087,37.912,0.98,0.09,0.29154,0.824,11.090440714489143,1.201,Financial Services,-0.2247442548028769
CRM,25.34446,0.12184,19.385,0.9,0.086,0.17913,0.984,11.25700179089289,1.276,Technology,0.33860030084356224
SBAC,25.24151,,,2.23,0.097,0.30724,0.504,10.33008889375662,0.87,Real Estate,0.12671105506069308
SLB,21.429789,0.13904001,45.975,2.33,0.05,0.09449001,1.326,10.876823204216999,0.701,Energy,0.4074047585020099
STX,48.333145,,1046.623,0.69,0.215,0.19586,1.119,10.969299387405401,1.635,Technology,0.34607086750452304
SRE,29.166155,0.0677,81.287,2.78,0.135,0.15754,1.587,10.791463857504791,0.752,Utilities,0.49256490786158696
NOW,64.08982,0.15488,18.536,,0.207,0.13165,1.003,11.052816845211893,0.978,Technology,0.4949996208711001
SHW,36.002438,0.59391,281.465,0.85,0.056,0.108950004,0.868,10.96383609585278,1.259,Basic Materials,0.1645685234127574
SPG,13.96542,1.04109,435.272,4.52,0.131,0.72792,0.16,10.872976152963291,1.396,Real Estate,0.37401514046242895
SWKS,23.681993,0.06485,20.714,4.68,-0.031,0.097270004,2.396,9.968230378368212,1.317,Technology,0.4458839005223481
SJM,,-0.17438,131.357,3.96,0.026,-0.13608,0.885,10.068387562727315,0.23,Consumer Defensive,-0.2505281740634582
SW,35.308216,0.03911,75.041,3.52,0.005,0.02242,1.478,10.430232321953074,1.006,Consumer Cyclical,0.023564301506315055
SNA,20.000782,0.18327999,21.226,2.58,0.031,0.19722,4.793,10.301487591223067,0.787,Industrials,0.09869425871491216
SO,23.50249,0.11429,192.679,3.2,0.075,0.15422,0.755,11.017168597891471,0.447,Utilities,-0.19907540684717429
LUV,64.62658,0.04812,74.94,1.42,0.074,0.01571,0.517,10.421659075082507,1.107,Industrials,0.12312930700891483
SWK,34.463207,0.04522,64.759,3.7,-0.01,0.02656,1.14,10.150610825454494,1.204,Industrials,0.4358368300418443
SBUX,78.418,,,2.56,0.055,0.036310002,1.047,11.030235090162849,0.937,Consumer Cyclical,0.4969202114252635
STT,13.548937,0.11078,,2.66,0.076,0.21209998,,10.551123320042286,1.442,Financial Services,0.49025664858049406
STLD,24.058897,0.13284001,47.155,1.0,0.14,0.06523,3.055,10.451199975073438,1.448,Basic Materials,0.3653286613566951
STE,34.647633,0.10468,28.651,1.01,0.092,0.12144,2.479,10.387675062700003,1.044,Healthcare,-0.16512108604696143
SYK,43.881096,0.15079,72.971,0.96,0.114,0.12923999,1.893,11.149919043128897,0.869,Healthcare,0.4986249015236824
SMCI,22.40876,0.13193,75.28,,1.234,0.03111,1.697,10.26455753692107,1.523,Technology,0.3732644074408437
SYF,7.655711,0.21304001,,1.69,0.05,0.36408,,10.408042368493094,1.402,Financial Services,0.17818038460148922
SNPS,53.95426,0.0716,50.459,,0.378,0.18886,1.615,10.921730610791935,1.126,Technology,0.19562441083990179
SYY,24.462263,0.82345,640.248,2.4,0.03,0.021760002,1.295,10.638143192754674,0.602,Consumer Defensive,-0.03501421878084804
TMUS,22.433712,0.18177,206.525,1.9,0.113,0.124469995,0.998,11.387652491123372,,Communication Services,0.2922906969831072
TROW,10.12987,0.18791,,5.58,0.06,0.28533,,10.310926000918057,1.544,Financial Services,0.0814786096678683
TTWO,,-0.86217004,100.449,,0.249,-0.60449004,1.137,10.551540118877849,0.931,Communication Services,-0.09190008486469334
TPR,59.5,0.55337,715.475,1.05,0.14,0.0695,1.626,10.497147894307501,1.608,Consumer Cyclical,-0.10888702903426023
TRGP,30.145552,0.4985,615.121,1.83,0.078,0.09949,0.773,10.682452957233524,0.868,Energy,0.2949225586908238
TGT,14.030303,0.25094998,132.062,4.05,-0.016,0.03576,0.975,10.72095848955292,1.136,Consumer Defensive,0.35215457613688145
TEL,33.883286,0.16097,45.691,1.26,0.217,0.11406,1.651,10.839005574116207,1.235,Technology,0.44243755841356075
TDY,34.860622,0.08926,23.544,,0.073,0.14632,1.643,10.489751827302102,1.014,Technology,-0.26827571697962493
TER,90.39368,0.19734,10.131,0.17,0.439,0.17368001,1.757,10.699315243620172,1.821,Technology,0.32942793382585484
TSLA,389.875,0.049250003,17.763,,-0.031,0.040009998,2.164,12.19866197375357,1.887,Consumer Cyclical,0.10455226564650072
TXN,41.644302,0.30148,90.819,2.55,0.104,0.28283,4.353,11.313538222839952,0.995,Technology,0.322263594927027
TPL,62.46165,0.3937,1.292,0.52,0.17,0.61676997,10.857,10.473551626809337,0.928,Energy,-0.24051376577121006
TXT,19.204102,0.12242,54.375,0.08,0.156,0.062230002,1.969,10.23361843141477,0.978,Industrials,0.39484064097430044
TMO,28.561443,0.13024001,73.566,0.34,0.072,0.15045999,1.89,11.279584280380163,0.949,Healthcare,0.26713137048002394
TJX,34.16556,0.58396,140.977,1.1,0.075,0.086789995,1.094,11.236158046493369,0.738,Consumer Cyclical,-0.17462358771006734
TKO,78.8855,0.08129,42.785,1.56,-0.273,0.08989,1.456,10.229836676397271,0.233,Communication Services,-0.15734083147902067
TTD,29.448864,0.16783,14.456,,0.177,0.15717,1.71,10.102809366376432,1.091,Communication Services,-0.14564723136967045
TSCO,26.757282,0.45183998,230.228,1.76,0.033,0.07061,1.342,10.464274960943053,0.726,Consumer Cyclical,-0.10070842108342432
TT,35.540398,0.36956,63.247,0.91,0.056,0.13688,1.251,11.01449819693267,1.211,Industrials,-0.2361317988517844
TDG,41.482635,,,,0.139,0.22239,2.75,10.86247193116476,0.895,Industrials,-0.28016934520312464
TRV,10.739242,0.20698999,28.172,1.48,0.035,0.12878,0.37,10.817469428243424,0.517,Financial Services,0.43739301289433136
TRMB,38.110794,0.07322,23.855,,-0.014,0.118190005,1.085,10.203081215314944,1.576,Technology,0.0008146377309350417
TFC,13.5484295,0.08236,,3.99,0.032,0.28803,,10.820906505951697,0.855,Financial Services,-0.24751091931773592
TYL,41.862503,0.08901,17.355,,0.063,0.13532,1.05,10.115262380698011,0.897,Technology,-0.2338320005033714
TSN,114.21429,0.012560001,46.039,3.22,0.051,0.0036300002,1.533,10.352548529442247,0.465,Consumer Defensive,0.11296904985663692
USB,12.486992,0.12184,,3.53,0.053,0.28724,,10.952830199013535,1.057,Financial Services,-0.29167898997405484
UBER,14.707189,0.39925998,43.015,,0.201,0.19326,1.136,11.161584030620492,1.206,Technology,-0.15973658078465688
UDR,33.792038,0.09378,144.726,4.51,-0.004,0.21698,0.157,10.157645163561364,0.707,Real Estate,0.07945250525118702
ULTA,26.311613,0.47967,97.784,,0.129,0.09932,1.328,10.488271306476193,0.832,Consumer Cyclical,0.11051995552804894
UNP,21.734154,0.40377,177.733,2.11,-0.006,0.29123,0.908,11.189303225407501,0.987,Industrials,0.1878236796556153
UAL,10.685294,0.23987,203.089,,0.048,0.056760002,0.645,10.547580293224645,1.263,Industrials,0.01733253879088542
UPS,18.176828,0.33772,175.884,5.56,-0.032,0.06285,1.219,11.00501526322609,1.087,Industrials,0.235505722064199
URI,22.543718,0.28357,174.732,0.91,0.028,0.15492,0.945,10.74327576341032,1.676,Industrials,0.18195559579320658
UNH,15.173527,0.12538,77.08,3.11,0.123,0.02694,0.788,11.421212338294989,0.415,Healthcare,0.3806723445678835
UHS,11.205043,0.20028,70.037,0.34,0.134,0.08093,1.031,10.17576748778958,1.269,Healthcare,-0.16312338742173169
VLO,26.373016,0.082779996,39.561,2.44,0.039,0.01914,,10.791955396172227,0.722,Energy,0.28504448970836954
VTR,158.61111,0.0217,101.996,2.44,0.214,0.04321,0.38,10.60938918150478,0.772,Real Estate,0.043013493863425956
VRSN,25.001133,,,1.49,0.076,0.49842998,0.489,10.310015353037034,0.753,Technology,0.4412379105730427
VRSK,27.824615,2.68133,1295.046,1.01,0.059,0.30418,1.193,10.402585489200852,0.804,Industrials,-0.062258325166607315
VZ,12.075124,0.17069,171.781,5.72,0.02,0.124280006,0.913,11.315421200850656,0.316,Communication Services,0.058050787432461115
VRTX,32.766666,0.22307,10.594,,0.11,0.31349,2.362,11.109025868803641,0.319,Healthcare,-0.017336055021151764
VTRS,,-0.21087,97.03,3.04,0.002,-0.26134002,1.351,10.261176118884745,0.796,Healthcare,-0.25078051843913973
VICI,11.142585,0.10357001,62.925,6.07,0.044,0.70175004,37.05,10.495842803123761,0.705,Real Estate,-0.13671719914976305
V,29.494375,0.53954,54.612,0.83,0.146,0.50233,1.111,11.783019576467279,0.78,Financial Services,0.3883410293394219
VST,61.833935,0.1731,335.784,0.56,-0.209,0.06701,0.995,10.763682749652062,1.443,Utilities,0.46970772181674075
VMC,38.53719,0.13520999,56.296,0.61,0.144,0.14189,2.231,10.634767861875343,1.055,Basic Materials,0.06111471761648091
WRB,15.69663,0.19600001,31.481,0.5,0.015,0.120979995,,10.423974192716786,0.36,Financial Services,0.07236387872871497
GWW,32.14576,0.46098998,69.114,0.81,0.045,0.09508,2.827,10.735847739423559,1.108,Industrials,0.3761683709224107
WAB,37.4612,0.11096,38.347,0.42,0.148,0.104770005,1.106,10.640889761784797,1.015,Industrials,-0.20438638605273532
WMT,46.914337,0.23661,66.747,0.7,0.058,0.03259,0.803,12.029285285686719,0.671,Consumer Defensive,0.3787643396038471
DIS,15.463918,0.12024,40.909,1.47,0.052,0.128,0.669,11.269992818542702,1.419,Communication Services,0.07017844144711388
WBD,147.86842,0.00969,89.857,,-0.06,0.01281,1.074,10.842990826158058,1.616,Communication Services,-0.18251921931080506
WM,35.077614,0.29696,239.385,1.43,0.071,0.10744,0.889,10.976771571526234,0.586,Industrials,0.23559988462182097
WAT,30.041862,0.29279,54.952,,0.068,0.20302,,10.500757938728775,1.178,Healthcare,-0.27537840878769254
WEC,23.966736,0.11576,158.788,3.34,0.111,0.15893,0.587,10.574253572561297,0.583,Utilities,-0.21826048584073313
WFC,13.810384,0.11732,,2.09,0.05,0.26659,,11.433583089805992,1.062,Financial Services,0.02234178264085701
WELL,148.8662,0.025390001,49.488,1.42,0.413,0.08644,2.004,11.168009938012192,0.832,Real Estate,0.32987275074436545
WST,36.578674,0.16855,10.11,0.36,0.075,0.16059999,3.021,10.252727926835194,,Healthcare,-0.16218124328820077
WDC,26.849104,0.41126,,0.18,,0.35644,1.455,10.986902972590453,1.839,Technology,0.16010665756651882
WY,59.944447,0.03384,59.113,3.11,-0.098,0.046919998,1.293,10.288812983260167,1.033,Real Estate,0.4137956399546486
WSM,23.414097,0.56918997,70.88,1.28,0.046,0.14297,1.427,10.404497430763401,1.642,Consumer Cyclical,0.1529143498437761
WMB,33.785046,0.18555,195.805,2.95,0.087,0.22129999,0.531,10.946209529312629,0.665,Energy,0.3053184511349592
WTW,17.782421,0.20076,85.73,1.3,-0.033,0.16533001,1.205,10.442510958378382,0.619,Financial Services,-0.09156324212889702
WDAY,61.2479,0.073359996,42.719,,0.126,0.06955,1.829,10.590179407470211,1.124,Technology,-0.028971539066508678
WYNN,36.388535,,,0.93,0.083,0.07092,1.757,10.074829523679048,1.014,Consumer Cyclical,0.416526640132526
XEL,23.79532,0.09916,167.891,2.89,0.141,0.13757,,10.682501626269312,0.476,Utilities,0.30305331019959375
XYL,32.757652,0.08396,16.529,1.36,0.063,0.10592,1.625,10.495276141930002,1.163,Industrials,0.09724507656823883
YUM,29.034233,,,1.84,0.064,0.1898,1.346,10.650705459973697,0.657,Consumer Cyclical,0.32386562181481954
ZBRA,33.04651,0.116809994,74.108,,0.106,0.077649996,0.97,10.13759722796134,,Technology,-0.2054816814241489
ZBH,27.1831,0.05599,59.178,1.01,0.109,0.08566,1.982,10.28159051904178,0.608,Healthcare,0.14718213909306288
ZTS,21.463804,0.52577,135.05,1.69,0.03,0.28235,,10.75207674155991,,Healthcare,-0.17869704921946966
